{
  "pending_goods": [],
  "approved_goods": [
    {
      "user_id": 1,
      "title": "11",
      "category": "其他",
      "price": 1111111.0,
      "original_price": null,
      "condition": "全新",
      "description": "",
      "img_path": "C:/Users/lenovo/Pictures/Screenshots/屏幕截图 2025-12-11 170122.png,C:/Users/lenovo/Pictures/Screenshots/屏幕截图 2025-12-11 163548.png,C:/Users/lenovo/Pictures/Screenshots/屏幕截图 2025-12-11 154202.png,C:/Users/lenovo/Pictures/Screenshots/屏幕截图 2025-12-11 150610.png",
      "status": "off",
      "goods_id": 3,
      "create_time": "2025-12-11 17:01:46",
      "audit_time": "2025-12-11 17:01:49",
      "off_time": "2025-12-11 17:05:44"
    }
  ],
  "sold_goods": [
    {
      "user_id": 1,
      "title": "11",
      "category": "其他",
      "price": 11.0,
      "original_price": null,
      "condition": "其他",
      "description": "11",
      "img_path": "C:/Users/lenovo/Pictures/Screenshots/屏幕截图 2025-12-11 154202.png,C:/Users/lenovo/Pictures/Screenshots/屏幕截图 2025-12-11 150610.png,C:/Users/lenovo/Pictures/Screenshots/屏幕截图 2025-12-10 174919.png,C:/Users/lenovo/Pictures/Screenshots/屏幕截图 2025-12-10 164910.png",
      "status": "sold",
      "goods_id": 1,
      "create_time": "2025-12-11 16:34:34",
      "audit_time": "2025-12-11 16:34:39",
      "sold_time": "2025-12-11 16:34:54",
      "buyer_id": null,
      "order_id": "1002",
      "after_sale_status": ""
    },
    {
      "user_id": 1,
      "title": "111111",
      "category": "其他",
      "price": 1221.0,
      "original_price": null,
      "condition": "其他",
      "description": "",
      "img_path": "C:/Users/lenovo/Pictures/Screenshots/屏幕截图 2025-12-11 163548.png,C:/Users/lenovo/Pictures/Screenshots/屏幕截图 2025-12-11 154202.png,C:/Users/lenovo/Pictures/Screenshots/屏幕截图 2025-12-11 150610.png,C:/Users/lenovo/Pictures/Screenshots/屏幕截图 2025-12-10 174919.png",
      "status": "sold",
      "goods_id": 2,
      "create_time": "2025-12-11 16:38:22",
      "audit_time": "2025-12-11 16:38:26",
      "sold_time": "2025-12-11 16:38:54",
      "buyer_id": null,
      "order_id": "1003",
      "after_sale_status": "已退款",
      "after_sale_reason": "不想要了"
    },
    {
      "user_id": 1,
      "title": "11",
      "category": "其他",
      "price": 11.0,
      "original_price": null,
      "condition": "其他",
      "description": "",
      "img_path": "C:/Users/lenovo/Pictures/Screenshots/屏幕截图 2025-12-11 170122.png,C:/Users/lenovo/Pictures/Screenshots/屏幕截图 2025-12-11 163548.png,C:/Users/lenovo/Pictures/Screenshots/屏幕截图 2025-12-11 154202.png",
      "status": "sold",
      "goods_id": 4,
      "create_time": "2025-12-11 17:02:47",
      "audit_time": "2025-12-11 17:02:50",
      "sold_time": "2025-12-11 17:03:18",
      "buyer_id": null,
      "order_id": "1005",
      "after_sale_status": "已退款",
      "after_sale_reason": "不想要了"
    },
    {
      "user_id": 1,
      "title": "xiaoshafa",
      "category": "其他",
      "price": 11.0,
      "original_price": null,
      "condition": "其他",
      "description": "",
      "img_path": "C:/Users/lenovo/Pictures/Screenshots/屏幕截图 2025-12-10 164910.png",
      "status": "sold",
      "goods_id": 5,
      "create_time": "2025-12-11 17:06:11",
      "audit_time": "2025-12-11 17:06:14",
      "sold_time": "2025-12-11 17:22:25",
      "buyer_id": null,
      "order_id": "1006",
      "after_sale_status": ""
    }
  ],
  "rejected_goods": [],
  "favorites": [],
  "orders": [
    {
      "id": "1001",
      "order_number": "ORD202512111634481001",
      "goods_id": "1",
      "buyer_id": null,
      "seller_id": null,
      "title": "11",
      "price": 11.0,
      "quantity": 1,
      "status": "待发货",
      "order_time": "2025-12-11 16:34:48",
      "img_path": "C:/Users/lenovo/Pictures/Screenshots/屏幕截图 2025-12-11 154202.png",
      "after_sale_reason": "",
      "after_sale_status": ""
    },
    {
      "id": "1002",
      "order_number": "ORD202512111634541002",
      "goods_id": 1,
      "buyer_id": null,
      "seller_id": 1,
      "title": "11",
      "price": 11.0,
      "quantity": 1,
      "status": "已完成",
      "order_time": "2025-12-11 16:34:54",
      "img_path": "C:/Users/lenovo/Pictures/Screenshots/屏幕截图 2025-12-11 154202.png,C:/Users/lenovo/Pictures/Screenshots/屏幕截图 2025-12-11 150610.png,C:/Users/lenovo/Pictures/Screenshots/屏幕截图 2025-12-10 174919.png,C:/Users/lenovo/Pictures/Screenshots/屏幕截图 2025-12-10 164910.png",
      "after_sale_reason": "",
      "after_sale_status": ""
    },
    {
      "id": "1003",
      "order_number": "ORD202512111638341003",
      "goods_id": "2",
      "buyer_id": null,
      "seller_id": null,
      "title": "111111",
      "price": 1212.0,
      "quantity": 1,
      "status": "退款成功",
      "order_time": "2025-12-11 16:38:34",
      "img_path": "C:/Users/lenovo/Pictures/Screenshots/屏幕截图 2025-12-11 163548.png",
      "after_sale_reason": "不想要了",
      "after_sale_status": "退款成功"
    },
    {
      "id": "1004",
      "order_number": "ORD202512111703151004",
      "goods_id": "4",
      "buyer_id": null,
      "seller_id": null,
      "title": "11",
      "price": 11.0,
      "quantity": 1,
      "status": "待付款",
      "order_time": "2025-12-11 17:03:15",
      "img_path": "C:/Users/lenovo/Pictures/Screenshots/屏幕截图 2025-12-11 170122.png",
      "after_sale_reason": "",
      "after_sale_status": ""
    },
    {
      "id": "1005",
      "order_number": "ORD202512111703181005",
      "goods_id": 4,
      "buyer_id": null,
      "seller_id": 1,
      "title": "11",
      "price": 11.0,
      "quantity": 1,
      "status": "退款成功",
      "order_time": "2025-12-11 17:03:18",
      "img_path": "C:/Users/lenovo/Pictures/Screenshots/屏幕截图 2025-12-11 170122.png,C:/Users/lenovo/Pictures/Screenshots/屏幕截图 2025-12-11 163548.png,C:/Users/lenovo/Pictures/Screenshots/屏幕截图 2025-12-11 154202.png",
      "after_sale_reason": "不想要了",
      "after_sale_status": "退款成功"
    },
    {
      "id": "1006",
      "order_number": "ORD202512111722001006",
      "goods_id": "5",
      "buyer_id": null,
      "seller_id": null,
      "title": "xiaoshafa",
      "price": 11.0,
      "quantity": 1,
      "status": "已完成",
      "order_time": "2025-12-11 17:22:00",
      "img_path": "C:/Users/lenovo/Pictures/Screenshots/屏幕截图 2025-12-10 164910.png",
      "after_sale_reason": "",
      "after_sale_status": ""
    }
  ]
}